CREATE DATABASE HospitalManagementSystem2
USE HospitalManagementSystem2

CREATE TABLE Department (
Dept_id INT PRIMARY KEY,
Dept_name VARCHAR(100),
Locations VARCHAR(100),
Contact_number VARCHAR(50),
No_of_doctors INT,
);

CREATE TABLE Doctor (
Doctor_id INT PRIMARY KEY,
[Name] VARCHAR(100),
License_no VARCHAR(100),
Phone_no VARCHAR(50),
Email VARCHAR(100),
Years_of_experience INT,
Specialization VARCHAR(100),
Qualification VARCHAR(100),
Supervised_id INT NULL,
Dept_id INT,
FOREIGN KEY (Supervised_id) REFERENCES Doctor(Doctor_id),
FOREIGN KEY (Dept_id) REFERENCES Department(Dept_id)
);

CREATE TABLE Patient (
Patient_id INT PRIMARY KEY,
F_Name VARCHAR(100),
L_Name VARCHAR(100),
Phone_no VARCHAR(100),
Email VARCHAR(100),
Addresss VARCHAR(100),
Gender VARCHAR(20),
Blood_group VARCHAR(20),
DOB DATE,
Age INT
);


CREATE TABLE Servicee (
Service_id INT PRIMARY KEY,
Servicee_name VARCHAR(100),
Descriptions VARCHAR(200),
Unit_price DECIMAL,
Service_type VARCHAR,
Dept_id INT,
FOREIGN KEY (Dept_id) REFERENCES Department(Dept_id)
);

ALTER TABLE Servicee
ALTER COLUMN Service_type VARCHAR(100);

CREATE TABLE Appointment (
Appointment_id INT PRIMARY KEY,
[Date] DATE,
[Time] TIME,
[Status] VARCHAR(30),
Appointment_type VARCHAR(50),
Reason VARCHAR(100),
Patient_id INT,
Doctor_id INT,
FOREIGN KEY (Patient_id) REFERENCES Patient(Patient_id),
FOREIGN KEY (Doctor_id) REFERENCES Doctor(Doctor_id)
);

CREATE TABLE Appointment_Service (
Appointment_id INT,
Service_id INT,
Quantity INT,
PRIMARY KEY (Appointment_id, Service_id),
FOREIGN KEY (Appointment_id) REFERENCES Appointment(Appointment_id),
FOREIGN KEY (Service_id) REFERENCES Servicee(Service_id),
);

CREATE TABLE Medical_Record (
Record_id INT PRIMARY KEY,
Visit_date DATE,
Diagnosis VARCHAR(100),
Treatment_plan VARCHAR(100),
Prescribed_medications VARCHAR(100),
Doctor_notes VARCHAR(100),
Follow_up_required VARCHAR(100),
Patient_id INT,
Doctor_id INT,
Appointment_id INT,
FOREIGN KEY (Patient_id) REFERENCES Patient(Patient_id),
FOREIGN KEY (Doctor_id) REFERENCES Doctor(Doctor_id),
FOREIGN KEY (Appointment_id) REFERENCES Appointment(Appointment_id),
);

CREATE TABLE Billing (
Bill_id INT PRIMARY KEY,
Bill_date DATE,
Due_date DATE,
Total_amount DECIMAL,
Payment_status VARCHAR(50),
Payment_method VARCHAR(50),
Patient_id INT,
Appointment_id INT,
FOREIGN KEY (Patient_id) REFERENCES Patient(Patient_id),
FOREIGN KEY (Appointment_id) REFERENCES Appointment(Appointment_id)
);


INSERT INTO Department VALUES
(1, 'Cardiology', 'First Floor', '24560001', 2),
(2, 'Neurology',а'Second Floor', '24560002', 2),
(3, 'Orthopedics', 'Third Floor', '24560003', 2),
(4, 'General Medicine', 'Ground Floor', '24560004', 2);

INSERT INTO Doctor VALUES
(1, 'Dr. Ahmed',  'LIC1001', '91234567', 'ahmed@hospital.com',а 10, 'Cardiologist',ааааа 'MD Cardiology',а NULL, 1),
(2, 'Dr. Sara',   'LIC1002', '91234568', 'sara@hospital.com',ааа 7, 'Cardiologist',ааааа 'MD Cardiology',а NULL, 1),
(3, 'Dr. Khalid', 'LIC1003', '91234569', 'khalid@hospital.com',а 9, 'Neurologist',аааааа 'MD Neurology',аа NULL, 2),
(4, 'Dr. Noor',   'LIC1004', '91234570', 'noor@hospital.com',ааа 6, 'Neurologist',аааааа 'MD Neurology',аа NULL, 2),
(5, 'Dr. Ali',ааа 'LIC1005', '91234571', 'ali@hospital.com',аааа 8, 'Orthopedic',ааааааа 'MD Orthopedics', NULL, 3),
(6, 'Dr. Mona',аа 'LIC1006', '91234572', 'mona@hospital.com',ааа 5, 'Orthopedic',ааааааа 'MD Orthopedics', NULL, 3),
(7, 'Dr. Hassan', 'LIC1007', '91234573', 'hassan@hospital.com', 12, 'General Physician', 'MBBS',аааааааааа NULL, 4),
(8, 'Dr. Fatma',а 'LIC1008', '91234574', 'fatma@hospital.com',аа 4, 'General Physician', 'MBBS',аааааааааа NULL, 4);

INSERT INTO Patient VALUES
(1, 'Salim',аа 'Al-Harthi',а '92345671', 'salim@email.com',аа 'Muscat', 'Male',аа 'O+',а '1995-05-10', 30),
(2, 'Aisha',аа 'Al-Balushi', '92345672', 'aisha@email.com',аа 'Seeb',аа 'Female', 'A+',а '1998-07-15', 27),
(3, 'Khalfan', 'Al-Rawahi',а '92345673', 'khalfan@email.com', 'Barka',а 'Male',аа 'B+',а '1990-03-22', 35),
(4, 'Noor',ааа 'Al-Mamari',а '92345674', 'noor@email.com',ааа 'Muscat', 'Female', 'AB+', '2000-11-01', 25),
(5, 'Huda',ааа 'Al-Saadi',аа '92345675', 'huda@email.com',ааа 'Nizwa',а 'Female', 'O-',а '1993-02-14', 33),
(6, 'Saeed',аа 'Al-Kindi',аа '92345676', 'saeed@email.com',аа 'Sohar',а 'Male',аа 'A-',а '1988-09-09', 37),
(7, 'Maryam',а 'Al-Hinai',аа '92345677', 'maryam@email.com',а 'Muscat', 'Female', 'B-',а '1996-12-30', 29),
(8, 'Ali',аааа 'Al-Abri',ааа '92345678', 'ali@email.com',аааа 'Ibri',аа 'Male',аа 'O+',а '1992-06-18', 33);


INSERT INTO Servicee VALUES
(1, 'Consultation',аа 'Consultation', 15.000, 'General doctor consultation', 4),
(2, 'ECG',ааааааааааа 'Lab Test',аааа 20.000, 'Heart test',ааааааааааааааааа 1),
(3, 'MRI',ааааааааааа 'X-Ray',ааааааа 50.000, 'Brain scan',ааааааааааааааааа 2),
(4, 'X-Ray',ааааааааа 'X-Ray',ааааааа 25.000, 'Bone scan',аааааааааааааааааа 3),
(5, 'Blood Test',аааа 'Lab Test',аааа 10.000, 'Basic blood test',ааааааааааа 4),
(6, 'Physiotherapy',а 'Treatment',ааа 30.000, 'Physical therapy session',ааа 3),
(7, 'Minor Surgery',а 'Surgery',аааа 200.000, 'Small surgical procedure',ааа 3),
(8, 'Follow-up Visit','Consultation', 10.000, 'Follow-up appointment',аааааа 4);

INSERT INTO Appointment VALUES
(1,а '2026-04-01', '09:00', 'Completed', 'Consultation', 'Chest pain',аааааааааа 1, 1),
(2,а '2026-04-02', '10:00', 'Completed', 'Emergency',ааа 'Headache',аааааааааааа 2, 3),
(3,а '2026-04-03', '11:00', 'Scheduled', 'Follow-up',ааа 'Knee pain',ааааааааааа 3, 5),
(4,а '2026-04-04', '12:00', 'Completed', 'Consultation', 'Fever',ааааааааааааааа 4, 7),
(5,а '2026-04-05', '09:30', 'Cancelled', 'Consultation', 'Back pain',ааааааааааа 5, 6),
(6,а '2026-04-06', '10:30', 'Completed', 'Emergency',ааа 'Heart check',ааааааааа 6, 2),
(7,а '2026-04-07', '11:30', 'Completed', 'Consultation', 'Bone injury',ааааааааа 7, 5),
(8,а '2026-04-08', '12:30', 'Scheduled', 'Consultation', 'General checkup',ааааа 8, 8),
(9,а '2026-04-09', '09:15', 'Completed', 'Follow-up',ааа 'Follow-up heart test', 1, 1),
(10, '2026-04-10', '10:15', 'Completed', 'Consultation', 'Migraine',аааааааааааа 2, 4);



INSERT INTO Appointment_Service VALUES
(1,а 1, 1), (1,а 2, 1),
(2,а 3, 1), (2,а 5, 2),
(3,а 4, 1),
(4,а 1, 1), (4,а 5, 1),
(5,а 6, 2),
(6,а 2, 1), (6,а 1, 1),
(7,а 4, 1), (7,а 6, 1),
(8,а 1, 1),
(9,а 2, 1), (9,а 8, 1),
(10, 3, 1), (10, 1, 1);


INSERT INTO Medical_Record VALUES
(1, '2026-04-01', 'Mild chest pain',ааа 'Medication and rest',а 'Painkiller',ааааааа 'Patient stable',аааа 'Yes', 1, 1, 1),
(2, '2026-04-02', 'Migraine symptoms',а 'MRI and medication',аа 'Migraine medicine', 'Needs follow-up',ааа 'Yes', 2, 3, 2),
(3, '2026-04-04', 'Fever infection',ааа 'Antibiotics',ааааааааа 'Antibiotic',ааааааа 'Monitor temperature','No',а 4, 7, 4),
(4, '2026-04-06', 'Heart rhythm issue', 'ECG follow-up',ааааааа 'Heart medication',а 'Needs monitoring',аа 'Yes', 6, 2, 6),
(5, '2026-04-07', 'Minor bone injury',а 'Physiotherapy',ааааааа 'Pain relief',аааааа 'Improving',ааааааааа 'Yes', 7, 5, 7),
(6, '2026-04-09', 'Heart follow-up',ааа 'Continue treatment',аа 'Same medication',аа 'Better condition',аа 'No',а 1, 1, 9),
(7, '2026-04-10', 'Headache issue',аааа 'MRI review',аааааааааа 'Painkiller',ааааааа 'Check scan result',а 'Yes', 2, 4, 10);


INSERT INTO Billing VALUES
(1, '2026-04-01', '2026-04-05', 35.000,а 'Paid',ааа 'Card',ааааа 1, 1),
(2, '2026-04-02', '2026-04-06', 70.000,а 'Partial', 'Insurance', 2, 2),
(3, '2026-04-04', '2026-04-08', 25.000,а 'Paid',ааа 'Cash',ааааа 4, 4),
(4, '2026-04-06', '2026-04-10', 35.000,а 'Paid',ааа 'Card',ааааа 6, 6),
(5, '2026-04-07', '2026-04-11', 55.000,а 'Pending', 'Cash',ааааа 7, 7),
(6, '2026-04-09', '2026-04-13', 30.000,а 'Paid',ааа 'Card',ааааа 1, 9),
(7, '2026-04-10', '2026-04-14', 65.000,а 'Partial', 'Insurance', 2, 10);


UPDATE Appointment
SET [Status] = 'Completed'
WHERE Appointment_id = 3; 

UPDATE Billing
SET Payment_status = 'Paid'
WHERE Bill_id = 5;

UPDATE Servicee
SET Unit_price = Unit_price * 1.10;

select * from Servicee

UPDATE Patient
SET Phone_no = '99099099'
WHERE Patient_id = 1;

UPDATE Doctor
SET Dept_id = 4
WHERE Doctor_id = 2;


SELECT * FROM Appointment WHERE Appointment_id = 5;

DELETE FROM Appointment_Service 
WHERE Appointment_id = 5;

DELETE FROM Appointment 
WHERE Appointment_id = 5;

select * from Servicee WHERE Service_id = 7;
select * from Appointment_Service WHERE Service_id = 7;

DELETE FROM Servicee WHERE Service_id = 7;

select * from Billing WHERE Bill_id = 7;

DELETE FROM Billing WHERE Bill_id = 7;

DELETE FROM Patient WHERE Patient_id = 1;
-- This will FAIL with a FK constraint violation error


select COUNT (*) as total_patients
from Patient

select COUNT (*) as Doc_total
from Doctor

select COUNT (*) as appointment_total
from Appointment

select avg(Unit_price) as Total_Billing_Amount
from Servicee

SELECT
ааааMAX(Unit_price) AS Highest_Service_Price,
ааааMIN(Unit_price) AS Lowest_Service_Price
FROM Servicee;

SELECT Dept_id, COUNT(*) AS Total_Doctors
FROM Doctor
GROUP BY Dept_id;

SELECT Doctor_id, COUNT(*) AS Total_Appointment
FROM Appointment
GROUP BY Doctor_id;

select* from Appointment

SELECT status, COUNT(*) AS Total_Appointment
FROM Appointment
GROUP BY status;

SELECT
ааааPayment_status,
ааааSUM(Total_amount) AS Total_Billing_Amount
FROM Billing
GROUP BY Payment_status;

SELECT
ааааService_type,
ааааAVG(Unit_price) AS Average_Price
FROM Servicee
GROUP BY Service_type;

SELECT
ааааService_id,
ааааSUM(Quantity) AS Total_Quantity_Used
FROM Appointment_Service
GROUP BY Service_id;





SELECT doc.[Name],
	   COUNT(a.Appointment_id) AS Appointment_Count
FROM Doctor doc
JOIN Appointment a ON doc.Doctor_id = a.Doctor_id
GROUP BY doc.[Name] 
HAVING COUNT(a.Appointment_id) > 1;



SELECT s.Servicee_name,
аааааааSUM(a_s.Quantity) AS Total_Used
FROM Servicee s
JOIN Appointment_Service a_s ON s.Service_id = a_s.Service_id
GROUP BY s.Servicee_name
HAVING SUM(a_s.Quantity) > 2;


SELECT d.Dept_name,
аааааааCOUNT(doc.Doctor_id) AS Doctor_Count
FROM Department d
JOIN Doctor doc ON d.Dept_id = doc.Dept_id
GROUP BY d.Dept_name
HAVING COUNT(doc.Doctor_id) > 1;



SELECT Payment_status,
аааааааSUM(Total_amount) AS Total
FROM Billing
GROUP BY Payment_status
HAVING SUM(Total_amount) > 50;


SELECT TOP 1
аааааааs.Servicee_name,
аааааааSUM(a_s.Quantity) AS Total_Used
FROM Servicee s
JOIN Appointment_Service a_s ON s.Service_id = a_s.Service_id
GROUP BY s.Servicee_name
ORDER BY Total_Used DESC;


SELECT TOP 1
аааааааs.Servicee_name,
аааааааSUM(a_s.Quantity * s.Unit_price) AS Total_Revenue
FROM Servicee s
JOIN Appointment_Service a_s ON s.Service_id = a_s.Service_id
GROUP BY s.Servicee_name
ORDER BY Total_Revenue DESC;
